insert into public.creators (
  id,
  display_name,
  email,
  role_title,
  bio,
  rating,
  response_time,
  completed_projects,
  is_verified
) values
  ('10000000-0000-0000-0000-000000000001', 'Maya Studio', 'hello@mayastudio.example', 'Brand and web designer', 'Warm, conversion-minded websites for independent food and hospitality brands.', 4.9, 'Usually replies in 2 hours', 18, true),
  ('10000000-0000-0000-0000-000000000002', 'Northline Creative', 'hello@northline.example', 'Webflow partner agency', 'Refined booking and service websites for appointment-based businesses.', 4.8, 'Usually replies same day', 24, true),
  ('10000000-0000-0000-0000-000000000003', 'Lift Lab Design', 'hello@liftlab.example', 'Fitness website specialist', 'Bold, focused customer journeys for gyms, trainers, and studios.', 4.9, 'Usually replies in 4 hours', 16, true),
  ('10000000-0000-0000-0000-000000000004', 'Cedar Sites', 'hello@cedarsites.example', 'Local business web studio', 'Trustworthy listing and lead-generation sites for local property professionals.', 4.9, 'Usually replies next business day', 31, true),
  ('10000000-0000-0000-0000-000000000005', 'Pixel Haus', 'hello@pixelhaus.example', 'Ecommerce design studio', 'Editorial ecommerce experiences that keep products easy to discover and buy.', 5.0, 'Usually replies in 1 hour', 27, true),
  ('10000000-0000-0000-0000-000000000006', 'Brightline Web', 'hello@brightline.example', 'Education website creator', 'Clear course and tutoring websites for educators and learning centers.', 4.8, 'Usually replies same day', 14, true),
  ('10000000-0000-0000-0000-000000000007', 'Tabletop Digital', 'hello@tabletop.example', 'Restaurant web designer', 'Restaurant websites that turn atmosphere, menus, and events into reservations.', 4.9, 'Usually replies in 3 hours', 22, true),
  ('10000000-0000-0000-0000-000000000008', 'Orbit Works', 'hello@orbitworks.example', 'Independent creative studio', 'Sharp portfolios and case studies for agencies, studios, and consultants.', 5.0, 'Usually replies same day', 19, true),
  ('10000000-0000-0000-0000-000000000009', 'Sweet Spot Studio', 'hello@sweetspot.example', 'Food brand designer', 'Friendly digital storefronts for bakeries, caterers, and neighborhood shops.', 4.9, 'Usually replies in 5 hours', 13, true),
  ('10000000-0000-0000-0000-000000000010', 'Careframe Sites', 'hello@careframe.example', 'Service business specialist', 'Calm, credible service websites with clear appointment paths.', 4.8, 'Usually replies next business day', 29, true),
  ('10000000-0000-0000-0000-000000000011', 'Service Grid', 'hello@servicegrid.example', 'Small business template maker', 'Practical lead-generation websites for home and local service operators.', 4.8, 'Usually replies in 6 hours', 21, true),
  ('10000000-0000-0000-0000-000000000012', 'Neighborhood Web Co.', 'hello@neighborhoodweb.example', 'Local service designer', 'Friendly booking sites for neighborhood appointment businesses.', 4.9, 'Usually replies same day', 17, true)
on conflict (id) do update set
  display_name = excluded.display_name,
  email = excluded.email,
  role_title = excluded.role_title,
  bio = excluded.bio,
  rating = excluded.rating,
  response_time = excluded.response_time,
  completed_projects = excluded.completed_projects,
  is_verified = excluded.is_verified;

insert into public.templates (
  id,
  creator_id,
  slug,
  title,
  category,
  price,
  short_description,
  full_description,
  tools,
  tags,
  features,
  pages_included,
  best_for,
  preview_type,
  fit_score,
  rating,
  status,
  is_featured,
  created_at
) values
  (
    '20000000-0000-0000-0000-000000000001',
    '10000000-0000-0000-0000-000000000001',
    'modern-cafe-website',
    'Modern Cafe Website',
    'Cafes & Bakeries',
    149,
    'Warm cafe menus, seasonal specials, and visit details.',
    'A warm, polished cafe website built for independent coffee shops that need menus, seasonal specials, location details, and a smooth mobile browsing experience.',
    array['Framer', 'Figma'],
    array['Menu', 'Reservations', 'Mobile-first'],
    array['Hero section with featured drink promotion', 'Editable menu blocks for coffee, bakery, and lunch items', 'Location, hours, and map-ready contact section', 'Newsletter capture section for local promotions'],
    array['Home', 'Menu', 'About', 'Visit', 'Contact'],
    array['Independent cafes', 'Coffee roasters', 'Neighborhood hospitality brands'],
    'cafe',
    95,
    4.9,
    'published',
    true,
    '2026-06-01T09:00:00Z'
  ),
  (
    '20000000-0000-0000-0000-000000000002',
    '10000000-0000-0000-0000-000000000002',
    'premium-salon-booking-site',
    'Premium Salon Booking Site',
    'Beauty & Care',
    249,
    'Elegant services, stylist profiles, and clear booking paths.',
    'A refined salon site for beauty teams that want to showcase services, stylists, testimonials, and appointment calls-to-action without feeling generic.',
    array['Webflow', 'Figma'],
    array['Booking', 'Services', 'Gallery'],
    array['Service menu with pricing tiers', 'Stylist profile sections', 'Before-and-after gallery layout', 'Booking call-to-action blocks throughout the site'],
    array['Home', 'Services', 'Team', 'Gallery', 'Contact'],
    array['Hair salons', 'Beauty studios', 'Independent stylists'],
    'salon',
    90,
    4.8,
    'published',
    true,
    '2026-06-02T09:00:00Z'
  ),
  (
    '20000000-0000-0000-0000-000000000003',
    '10000000-0000-0000-0000-000000000003',
    'fitness-gym-landing-page',
    'Fitness Gym Landing Page',
    'Fitness',
    179,
    'Bold class schedules, memberships, and trial offers.',
    'A high-converting landing page for gyms, trainers, and boutique studios that need class highlights, membership offers, and trial signups.',
    array['Next.js', 'Tailwind CSS'],
    array['Memberships', 'Classes', 'Lead capture'],
    array['Class schedule preview', 'Membership comparison cards', 'Trainer credibility section', 'Trial signup form layout'],
    array['Landing', 'Classes', 'Memberships', 'Trainers'],
    array['Boutique gyms', 'Personal trainers', 'Fitness studios'],
    'gym',
    88,
    4.9,
    'published',
    true,
    '2026-06-03T09:00:00Z'
  ),
  (
    '20000000-0000-0000-0000-000000000004',
    '10000000-0000-0000-0000-000000000004',
    'real-estate-agent-website',
    'Real Estate Agent Website',
    'Real Estate',
    299,
    'Property listings, neighborhood guides, and lead capture.',
    'A trustworthy real estate template for agents who need featured listings, neighborhood guides, seller lead capture, and client testimonials.',
    array['WordPress', 'Elementor'],
    array['Listings', 'Lead forms', 'Neighborhoods'],
    array['Featured property cards', 'Neighborhood spotlight sections', 'Buyer and seller lead forms', 'Testimonial and credentials layout'],
    array['Home', 'Listings', 'Buyers', 'Sellers', 'Contact'],
    array['Independent agents', 'Property teams', 'Local brokerages'],
    'real-estate',
    83,
    4.9,
    'published',
    false,
    '2026-06-04T09:00:00Z'
  ),
  (
    '20000000-0000-0000-0000-000000000005',
    '10000000-0000-0000-0000-000000000005',
    'online-clothing-store',
    'Online Clothing Store',
    'Online Stores',
    349,
    'Editorial product grids with a clear path to checkout.',
    'A modern Shopify storefront concept for apparel brands that want crisp product merchandising, editorial lookbooks, and strong conversion paths.',
    array['Shopify', 'Figma'],
    array['Shopify', 'Lookbook', 'Product grid'],
    array['Collection landing pages', 'Product detail layout with fit notes', 'Lookbook and campaign sections', 'Cart and checkout-ready structure'],
    array['Home', 'Shop', 'Collection', 'Product', 'Journal'],
    array['Apparel brands', 'Boutique stores', 'Editorial ecommerce'],
    'store',
    97,
    5.0,
    'published',
    true,
    '2026-06-05T09:00:00Z'
  ),
  (
    '20000000-0000-0000-0000-000000000006',
    '10000000-0000-0000-0000-000000000006',
    'tutor-course-website',
    'Tutor Course Website',
    'Education',
    129,
    'Course packages, learner results, and inquiry prompts.',
    'A clear, credible tutoring site for independent educators, exam coaches, and small learning centers that need to explain outcomes quickly.',
    array['Framer', 'Notion'],
    array['Courses', 'Testimonials', 'Inquiry form'],
    array['Course package sections', 'Student success stories', 'FAQ layout for parents and learners', 'Inquiry form and consultation CTA'],
    array['Home', 'Programs', 'Results', 'FAQ', 'Contact'],
    array['Independent tutors', 'Exam coaches', 'Learning centers'],
    'tutor',
    76,
    4.8,
    'published',
    false,
    '2026-06-06T09:00:00Z'
  ),
  (
    '20000000-0000-0000-0000-000000000007',
    '10000000-0000-0000-0000-000000000007',
    'restaurant-menu-website',
    'Restaurant Menu Website',
    'Restaurants',
    199,
    'Flexible menus, private events, and reservations.',
    'A polished restaurant website with flexible menu sections, private event promotion, chef notes, and reservation-ready calls-to-action.',
    array['Webflow', 'Figma'],
    array['Menu', 'Events', 'Reservations'],
    array['Lunch, dinner, and drinks menu layouts', 'Private events section', 'Chef story and press quotes', 'Reservation and location CTA blocks'],
    array['Home', 'Menu', 'Events', 'Story', 'Reservations'],
    array['Independent restaurants', 'Chef-led concepts', 'Private dining venues'],
    'restaurant',
    92,
    4.9,
    'published',
    true,
    '2026-06-07T09:00:00Z'
  ),
  (
    '20000000-0000-0000-0000-000000000008',
    '10000000-0000-0000-0000-000000000008',
    'creative-agency-portfolio',
    'Creative Agency Portfolio',
    'Agencies & Services',
    279,
    'Sharp case studies, services, and project inquiries.',
    'A sleek agency portfolio for studios, freelancers, and consultants who need sharp case studies and a clear path from proof to inquiry.',
    array['Next.js', 'Tailwind CSS'],
    array['Case studies', 'Services', 'Lead form'],
    array['Case study grid and detail sections', 'Service packages', 'Client logos and outcomes', 'Project inquiry form layout'],
    array['Home', 'Work', 'Services', 'About', 'Contact'],
    array['Creative agencies', 'Independent studios', 'Consultants'],
    'agency',
    86,
    5.0,
    'published',
    true,
    '2026-06-08T09:00:00Z'
  ),
  (
    '20000000-0000-0000-0000-000000000009',
    '10000000-0000-0000-0000-000000000009',
    'boutique-bakery-site',
    'Boutique Bakery Site',
    'Cafes & Bakeries',
    159,
    'Daily bakes, custom orders, and catering requests.',
    'A friendly bakery site for local shops that want to highlight daily bakes, custom cakes, catering, and online order inquiries.',
    array['WordPress', 'WooCommerce'],
    array['Orders', 'Catering', 'Gallery'],
    array['Daily specials block', 'Custom order gallery', 'Catering inquiry section', 'Email signup for weekly menus'],
    array['Home', 'Menu', 'Custom Cakes', 'Catering', 'Contact'],
    array['Boutique bakeries', 'Custom cake studios', 'Local caterers'],
    'bakery',
    74,
    4.9,
    'published',
    false,
    '2026-06-09T09:00:00Z'
  ),
  (
    '20000000-0000-0000-0000-000000000010',
    '10000000-0000-0000-0000-000000000010',
    'dental-clinic-website',
    'Dental Clinic Website',
    'Beauty & Care',
    229,
    'Calm service pages with trust and appointment prompts.',
    'A calm service-business site for clinics and appointment-based teams that need to explain treatments, insurance, and booking options clearly.',
    array['Webflow', 'Figma'],
    array['Appointments', 'Services', 'Trust signals'],
    array['Service overview cards', 'Patient trust and review sections', 'Insurance information layout', 'Appointment request CTA'],
    array['Home', 'Services', 'New Patients', 'Reviews', 'Contact'],
    array['Dental clinics', 'Health practices', 'Appointment businesses'],
    'clinic',
    71,
    4.8,
    'published',
    false,
    '2026-06-10T09:00:00Z'
  ),
  (
    '20000000-0000-0000-0000-000000000011',
    '10000000-0000-0000-0000-000000000011',
    'local-cleaning-service',
    'Local Cleaning Service',
    'Agencies & Services',
    119,
    'Local services, reviews, plans, and quote requests.',
    'A practical service website for home cleaning, maintenance, and local operators who need quote requests and proof of reliability.',
    array['Framer', 'Figma'],
    array['Quotes', 'Service areas', 'Reviews'],
    array['Quote request CTA sections', 'Service area list', 'Recurring plan cards', 'Review and guarantee blocks'],
    array['Home', 'Services', 'Pricing', 'Reviews', 'Contact'],
    array['Cleaning services', 'Home maintenance teams', 'Local operators'],
    'cleaning',
    80,
    4.8,
    'published',
    false,
    '2026-06-11T09:00:00Z'
  ),
  (
    '20000000-0000-0000-0000-000000000012',
    '10000000-0000-0000-0000-000000000012',
    'pet-grooming-studio',
    'Pet Grooming Studio',
    'Beauty & Care',
    139,
    'Friendly packages, galleries, policies, and booking.',
    'A cheerful appointment website for grooming studios with package pricing, policies, photo galleries, and booking prompts.',
    array['Squarespace', 'Figma'],
    array['Booking', 'Packages', 'Photos'],
    array['Package comparison section', 'Photo gallery blocks', 'Policy and FAQ sections', 'Booking CTA for new clients'],
    array['Home', 'Packages', 'Gallery', 'Policies', 'Contact'],
    array['Grooming studios', 'Appointment businesses', 'Neighborhood services'],
    'grooming',
    78,
    4.9,
    'published',
    false,
    '2026-06-12T09:00:00Z'
  )
on conflict (slug) do update set
  creator_id = excluded.creator_id,
  title = excluded.title,
  category = excluded.category,
  price = excluded.price,
  short_description = excluded.short_description,
  full_description = excluded.full_description,
  tools = excluded.tools,
  tags = excluded.tags,
  features = excluded.features,
  pages_included = excluded.pages_included,
  best_for = excluded.best_for,
  preview_type = excluded.preview_type,
  fit_score = excluded.fit_score,
  rating = excluded.rating,
  status = excluded.status,
  is_featured = excluded.is_featured;

insert into public.template_reviews (
  id,
  template_id,
  reviewer_name,
  rating,
  comment
) values
  ('30000000-0000-0000-0000-000000000001', '20000000-0000-0000-0000-000000000001', 'Juniper Coffee', 5, 'Understood our neighborhood brand immediately.'),
  ('30000000-0000-0000-0000-000000000002', '20000000-0000-0000-0000-000000000002', 'Aster Salon', 5, 'The booking flow felt polished from day one.'),
  ('30000000-0000-0000-0000-000000000003', '20000000-0000-0000-0000-000000000003', 'Forge Fitness', 5, 'Turned our trial offer into a clear customer journey.'),
  ('30000000-0000-0000-0000-000000000004', '20000000-0000-0000-0000-000000000004', 'Cedar Realty', 5, 'Made our listings feel credible and easy to explore.'),
  ('30000000-0000-0000-0000-000000000005', '20000000-0000-0000-0000-000000000005', 'Field Notes Apparel', 5, 'Balanced editorial style with a simple path to checkout.'),
  ('30000000-0000-0000-0000-000000000006', '20000000-0000-0000-0000-000000000006', 'Bright Path Learning', 5, 'Parents understood our programs without extra explanation.'),
  ('30000000-0000-0000-0000-000000000007', '20000000-0000-0000-0000-000000000007', 'Ember Table', 5, 'Captured the feeling of our dining room online.'),
  ('30000000-0000-0000-0000-000000000008', '20000000-0000-0000-0000-000000000008', 'North Studio', 5, 'Made our case studies much easier to trust.'),
  ('30000000-0000-0000-0000-000000000009', '20000000-0000-0000-0000-000000000009', 'Flour and Form', 5, 'The site finally feels as warm as the shop.'),
  ('30000000-0000-0000-0000-000000000010', '20000000-0000-0000-0000-000000000010', 'Clearcare Dental', 5, 'Patients could find the right next step quickly.'),
  ('30000000-0000-0000-0000-000000000011', '20000000-0000-0000-0000-000000000011', 'Neatly Home Care', 5, 'Our quote requests became much more specific.'),
  ('30000000-0000-0000-0000-000000000012', '20000000-0000-0000-0000-000000000012', 'Paw and Polish', 5, 'New clients understood our packages before calling.')
on conflict (id) do nothing;
